1006,1006
1006,B500B
1006,B500SP
1006,C4D
1006,C4D1
1006,C9D
1006,S235JR
1006,S235JR-Si
1006,S235JR/S275JR
1006,S480W
1006,STRETCH500
1006,XE400P
1018,1006
1018,1018
1018,19MnB4
1018,23MnB4
1018,30MnB4
1018,B500SP
1018,C20C
1018,S235JR
1018,S235JR/S275JR
1018,S355JR
11SMn30,11SMn30
11SMn30,B500SP
11SMn30,S235JR
16MnCr5,16MnCr5
16MnCr5,16MnCr5+HH+FP
16MnCr5,16MnCrS5
16MnCr5,B500SP
16MnCr5,S235JR
16MnCr5+HH+FP,16MnCr5+HH+FP
16MnCr5+HH+FP,16MnCrS5
16MnCrS5,16MnCr5
16MnCrS5,16MnCrS5
16MnCrS5,16MnCrS5+HH+FP
16MnCrS5,23MnB4
16MnCrS5,30MnB4
16MnCrS5,S235JR/S275JR
16MnCrS5,S355JR
16MnCrS5+HH+FP,16MnCr5
16MnCrS5+HH+FP,16MnCrS5+HH+FP
17MnB4,17MnB4
17MnB4,C9D
19MnB4,1018
19MnB4,11SMn30
19MnB4,17MnB4
19MnB4,19MnB4
19MnB4,23MnB4
19MnB4,B500B
19MnB4,B500SP
19MnB4,S235JR/S275JR
20Mn5,20Mn5
20Mn5,23MnB4
20Mn5,B500SP
20Mn5,S235JR
20Mn5,S235JR/S275JR
20Mn5,S355J2
20MnB4,20MnB4
20MnB4,B500SP
20MnB4,C7D
21Mn5,21Mn5
21Mn5,C35E
21Mn5,S235J2+N
23G2NMHA-F,23G2NMHA-F
23G2NMHA-F,B500SP
23G2NMHA-F,S235JR
23GHNMA-V,23GHNMA-V
23GHNMA-V,B500SP
23GHNMA-V,S235JR
23GHNMA-V,S235JR/S275JR
23GHNMA-V,STRETCH500
23MnB4,1006
23MnB4,19MnB4
23MnB4,20MnB4
23MnB4,23MnB4
23MnB4,27MnSi5
23MnB4,B500SP
23MnB4,C20C
23MnB4,S235JR
23MnB4,S235JR/S275JR
25CrMo4,25CrMo4
25CrMo4,C45
25CrMo4,S355J2
25G2Ti,11SMn30
25G2Ti,23MnB4
25G2Ti,25G2Ti
25G2Ti,27MnSi5
25G2Ti,50S2
25G2Ti,S480W
25G2Ti,St52.3
27MnCrB5-2,27MnCrB5-2
27MnCrB5-2,30MnB5
27MnCrB5-2,B26
27MnCrB5-2,B500SP
27MnCrB5-2,S235J2+N
27MnCrB5-2,S235JR
27MnCrB5-2,S480W
27MnSi5,20Mn5
27MnSi5,21Mn5
27MnSi5,25G2Ti
27MnSi5,27MnSi5
27MnSi5,B500SP
27MnSi5,S355J2
2C45,2C45
2C45,B500SP
2C45,C45
2C45,C45E
2C45,C45RC
30MnB4,16MnCr5
30MnB4,27MnCrB5-2
30MnB4,30MnB4
30MnB4,30MnB5
30MnB4,ATLASIII
30MnB4,B500B
30MnB4,B500SP
30MnB4,C35E
30MnB4,C35R
30MnB4,C7D
30MnB4,S235JR
30MnB4,S235JR/S275JR
30MnB4,S480W
30MnB4,S550W
30MnB4,STRETCH500
30MnB4,St44.2
30MnB5,27MnCrB5-2
30MnB5,30MnB5
30MnB5,B30
30MnB5,B500SP
31Mn4,30MnB4
31Mn4,31Mn4
31Mn4,B500SP
31Mn4,C35E
31Mn4,S480W
31Mn4,S550W
32CrB4,32CrB4
32CrB4,42CrMo4
32CrB4,B500B
32CrB4,B500SP
32CrB4,C7D
32CrB4,S235JR
34CrMo4,34CrMo4
34CrMo4,B500SP
34CrMo4,S235JR
35HGS,35HGS
35HGS,ATLASIII
35HGS,B500SP
35MnB4Ti,35MnB4Ti
35MnB4Ti,B500SP
35MnB4Ti,C35E
41Cr4,41Cr4
41Cr4,41CrS4
41Cr4,B500B
41Cr4,B500SP
41CrS4,41CrS4
41CrS4,B500SP
41CrS4,S235JR/S275JR
42CrMo4,34CrMo4
42CrMo4,42CrMo4
42CrMo4,42CrMo4+HH
42CrMo4,42CrMo4+N
42CrMo4,42CrMoS4
42CrMo4,B500SP
42CrMo4,S235JR
42CrMo4+HH,42CrMo4+HH
42CrMo4+HH,42CrMoS4
42CrMo4+N,42CrMo4
42CrMo4+N,42CrMo4+N
42CrMoS4,42CrMo4
42CrMoS4,42CrMoS4
42CrMoS4,B30
42CrMoS4,B500SP
50S2,50S2
50S2,S235JR
50S2,S355JR
51CrV4,51CrV4
51CrV4,B500SP
60S2A,60S2A
60S2A,S235JR/S275JR
AH36,AH36
AH36,B500SP
AH36,NV A
AH36,S235JR/S275JR
AH36,S355J2
ATLASIII,35HGS
ATLASIII,42CrMo4
ATLASIII,ATLASIII
ATLASIII,B500SP
ATLASIII,C45E
ATLASIII,C9D
ATLASIII,S235JR
ATLASIII,S235JR/S275JR
ATLASIII,S355J2
ATLASIII,S550W
ATLASIII S2,35MnB4Ti
ATLASIII S2,ATLASIII S2
ATLASIII S2,S235JR
ATLASV,ATLASIII
ATLASV,ATLASV
ATLASV,B500SP
ATLASV,C7D
ATLASV,S235JR
B26,27MnCrB5-2
B26,B26
B26,B30
B30,30MnB5
B30,B30
B30,C35E
B30,C35R
B500B,1006
B500B,1018
B500B,11SMn30
B500B,23GHNMA-V
B500B,27MnSi5
B500B,30MnB4
B500B,32CrB4
B500B,41Cr4
B500B,50S2
B500B,B500B
B500B,B500SP
B500B,C45E
B500B,C45E+Cr
B500B,HZ740
B500B,S235JR
B500B,S235JR/S275JR
B500B,S275J2+N
B500B,S355J2
B500B,S480W
B500B,S550W
B500B,STRETCH500
B500B,St44.2
B500B,St52.3
B500SP,1006
B500SP,1018
B500SP,11SMn30
B500SP,16MnCr5
B500SP,19MnB4
B500SP,23G2NMHA-F
B500SP,23MnB4
B500SP,25G2Ti
B500SP,27MnCrB5-2
B500SP,27MnSi5
B500SP,30MnB4
B500SP,31Mn4
B500SP,32CrB4
B500SP,35HGS
B500SP,35MnB4Ti
B500SP,41Cr4
B500SP,41CrS4
B500SP,42CrMo4
B500SP,42CrMoS4
B500SP,AH36
B500SP,ATLASIII
B500SP,ATLASV
B500SP,B26
B500SP,B500B
B500SP,B500SP
B500SP,C17C
B500SP,C17CMC-B
B500SP,C22E
B500SP,C35E
B500SP,C40E
B500SP,C45
B500SP,C45E
B500SP,C45E+Cr
B500SP,C4D
B500SP,C55E
B500SP,C60E
B500SP,C60R
B500SP,C7D
B500SP,C9D
B500SP,HZ740
B500SP,NV A
B500SP,S235J2+N
B500SP,S235JR
B500SP,S235JR-Si
B500SP,S235JR/S275JR
B500SP,S235JRC
B500SP,S275JR
B500SP,S355J2
B500SP,S355JR
B500SP,S355JR-S
B500SP,S355K2
B500SP,S460MC
B500SP,S480W
B500SP,S550W
B500SP,S700MC
B500SP,STRETCH500
B500SP,STRETCH500SN
B500SP,St44.2
B500SP,St52.3
C10C,B500SP
C10C,C10C
C10C,C9D
C10C,S235JR
C10D,B500SP
C10D,C10D
C10D,C7D
C10D,S355J2
C10E,C10E
C10E,P235GH
C10E,S355JR
C15C,C15C
C15C,S235JR
C15C,S235JR/S275JR
C15E,30MnB4
C15E,C15E
C15E,C15E+Mn
C15E,C15R
C15E,C45E
C15E,S235JR/S275JR
C15E+Mn,C15E+Mn
C15E+Mn,C17CMC-B
C15E+Mn,S235JR
C15R,B500SP
C15R,C15C
C15R,C15E
C15R,C15R
C15R,S235JR
C15R,S235JR/S275JR
C15R,S480W
C17C,1018
C17C,B500SP
C17C,C15C
C17C,C17C
C17C,C20C
C17C,S235J2+N
C17C,S235JR/S275JR
C17C,S275JR
C17CMC-B,ATLASIII
C17CMC-B,B500SP
C17CMC-B,C17CMC-B
C17CMC-B,St44.2
C20C,19MnB4
C20C,30MnB4
C20C,C17C
C20C,C20C
C20C,S235J2+N
C20C,S235JR
C20C,S235JR/S275JR
C22E,C15E
C22E,C22E
C22E,C22R
C22E,S235JR/S275JR
C22R,C22R
C22R,S235JR/S275JR
C35E,C35E
C35E,C35EC
C35E,C35R
C35E,C35RC
C35E,S235JR
C35EC,30MnB4
C35EC,C35E
C35EC,C35EC
C35EC,C35RC
C35R,B500B
C35R,B500SP
C35R,C35E
C35R,C35R
C35R,S235JR
C35R,S235JR/S275JR
C35R,S355J2
C35R,STRETCH500
C35RC,B500B
C35RC,B500SP
C35RC,C35RC
C35RC,C45
C35RC,S235JR/S275JR
C40E,C40E
C40E,C45E
C45,2C45
C45,B500SP
C45,C35RC
C45,C45
C45,C45E
C45,C45E+N
C45,C45R
C45,C45RC
C45E,2C45
C45E,B500SP
C45E,C45
C45E,C45E
C45E,C45E+Cr
C45E,C45E+N
C45E,C45R
C45E,C45R+Cr+H
C45E,C45RC
C45E,S235JR
C45E,S235JR-Si
C45E,S235JR/S275JR
C45E,S355J2
C45E,STRETCH500
C45E+Cr,C45
C45E+Cr,C45E
C45E+Cr,C45E+Cr
C45E+Cr,C45R
C45E+N,C45E
C45E+N,C45E+N
C45E+N,S355J2
C45R,C35RC
C45R,C45E
C45R,C45R
C45R,C45RC
C45R+Cr+H,C45E
C45R+Cr+H,C45R+Cr+H
C45RC,25CrMo4
C45RC,ATLASIII
C45RC,B500B
C45RC,B500SP
C45RC,C20C
C45RC,C45
C45RC,C45E
C45RC,C45E+N
C45RC,C45R+Cr+H
C45RC,C45RC
C45RC,S235J2+N
C45RC,S235JR
C45RC,S235JR-Si
C45RC,S235JR/S275JR
C45RC,S355J2
C45RC,S355K2
C45RC,STRETCH500
C4C,B500SP
C4C,C4C
C4D,1018
C4D,30MnB4
C4D,ATLASIII
C4D,B30
C4D,B500B
C4D,B500SP
C4D,C4D
C4D,C4D1
C4D,S235JR
C4D,S235JR/S275JR
C4D,S550W
C4D1,B500SP
C4D1,C4C
C4D1,C4D
C4D1,C4D1
C4D1,S235JR
C4D1,XE400P
C55E,B500SP
C55E,C55E
C55E,C55R
C55R,C55E
C55R,C55R
C60E,C60E
C60E,C60R
C60R,B500SP
C60R,C60R
C60R,C60R+H
C60R+H,C60R+H
C60R+H,S355J2
C7D,1006
C7D,23MnB4
C7D,ATLASV
C7D,B500B
C7D,B500SP
C7D,C7D
C7D,C9D
C7D,S235JR
C7D,S235JR-Si
C7D,S235JR/S275JR
C7D,S355J2
C7D,S480W
C7D,St44.2
C7D,XE400P
C9D,1006
C9D,23MnB4
C9D,32CrB4
C9D,B500SP
C9D,C4D1
C9D,C7D
C9D,C9D
C9D,S235J2+N
C9D,S235JR
C9D,S235JR/S275JR
C9D,S355J2
EW2616A,EW2616A
EW2616A,S235J2+N
HZ740,B500B
HZ740,HZ740
HZ740,S480W
HZ740,S550W
NV A,B500SP
NV A,NV A
NV A,S235JR/S275JR
NV A,S355J2
NV A,S700MC
P235GH,16MnCr5
P235GH,B500SP
P235GH,C7D
P235GH,P235GH
P235GH,S235JR
P235GH,S235JR/S275JR
S235J2,B500SP
S235J2,S235J2
S235J2+N,23MnB4
S235J2+N,B500SP
S235J2+N,C10D
S235J2+N,C17C
S235J2+N,S235J2+N
S235J2+N,S235JR
S235J2+N,S235JR/S275JR
S235J2+N,S275J2
S235JR,1006
S235JR,1018
S235JR,11SMn30
S235JR,16MnCr5
S235JR,19MnB4
S235JR,23G2NMHA-F
S235JR,23MnB4
S235JR,25CrMo4
S235JR,30MnB4
S235JR,31Mn4
S235JR,32CrB4
S235JR,42CrMo4
S235JR,ATLASIII S2
S235JR,ATLASV
S235JR,B500B
S235JR,B500SP
S235JR,C10C
S235JR,C10E
S235JR,C22E
S235JR,C45E
S235JR,C4D
S235JR,C4D1
S235JR,C60E
S235JR,C7D
S235JR,C9D
S235JR,HZ740
S235JR,P235GH
S235JR,S235J2+N
S235JR,S235JR
S235JR,S235JR-Si
S235JR,S235JR/S275JR
S235JR,S235JRC
S235JR,S275JR
S235JR,S355J2
S235JR,S480W
S235JR,S550W
S235JR,STRETCH500
S235JR,St44.2
S235JR,St52.3
S235JR,XE400P
S235JR-Si,31Mn4
S235JR-Si,C15R
S235JR-Si,C45E
S235JR-Si,C45RC
S235JR-Si,C7D
S235JR-Si,S235JR
S235JR-Si,S235JR-Si
S235JR-Si,S235JR/S275JR
S235JR-Si,S355J2
S235JR/S275JR,1006
S235JR/S275JR,1018
S235JR/S275JR,16MnCr5
S235JR/S275JR,19MnB4
S235JR/S275JR,23GHNMA-V
S235JR/S275JR,23MnB4
S235JR/S275JR,25G2Ti
S235JR/S275JR,27MnCrB5-2
S235JR/S275JR,27MnSi5
S235JR/S275JR,30MnB4
S235JR/S275JR,32CrB4
S235JR/S275JR,42CrMo4
S235JR/S275JR,AH36
S235JR/S275JR,ATLASIII
S235JR/S275JR,ATLASV
S235JR/S275JR,B500B
S235JR/S275JR,B500SP
S235JR/S275JR,C10C
S235JR/S275JR,C10D
S235JR/S275JR,C10E
S235JR/S275JR,C15E
S235JR/S275JR,C15E+Mn
S235JR/S275JR,C15R
S235JR/S275JR,C17C
S235JR/S275JR,C20C
S235JR/S275JR,C35E
S235JR/S275JR,C35EC
S235JR/S275JR,C45
S235JR/S275JR,C45E
S235JR/S275JR,C45E+Cr
S235JR/S275JR,C45E+N
S235JR/S275JR,C9D
S235JR/S275JR,NV A
S235JR/S275JR,P235GH
S235JR/S275JR,S235J2+N
S235JR/S275JR,S235JR
S235JR/S275JR,S235JR-Si
S235JR/S275JR,S235JR/S275JR
S235JR/S275JR,S235JRC
S235JR/S275JR,S275JR
S235JR/S275JR,S355J2
S235JR/S275JR,S355JR
S235JR/S275JR,S480W
S235JR/S275JR,S550W
S235JR/S275JR,S700MC
S235JR/S275JR,STRETCH500
S235JR/S275JR,St52.3
S235JRC,30MnB4
S235JRC,50S2
S235JRC,B500SP
S235JRC,S235JR
S235JRC,S235JR-Si
S235JRC,S235JR/S275JR
S235JRC,S235JRC
S235JRC,S355J2
S275J2,S235J2+N
S275J2,S275J2
S275J2+N,S235J2+N
S275J2+N,S275J2+N
S275JR,B500SP
S275JR,S235J2+N
S275JR,S235JR
S275JR,S275JR
S355J2,1018
S355J2,20Mn5
S355J2,21Mn5
S355J2,23GHNMA-V
S355J2,27MnSi5
S355J2,32CrB4
S355J2,35MnB4Ti
S355J2,41Cr4
S355J2,42CrMo4
S355J2,51CrV4
S355J2,AH36
S355J2,ATLASIII S2
S355J2,B500B
S355J2,B500SP
S355J2,C22E
S355J2,C35E
S355J2,C45
S355J2,C45E
S355J2,HZ740
S355J2,S235J2
S355J2,S235JR
S355J2,S235JR/S275JR
S355J2,S235JRC
S355J2,S275JR
S355J2,S355J2
S355J2,S355JR
S355J2,S355K2
S355J2,S460MC
S355J2,S480W
S355J2,S500MC
S355J2,S550W
S355J2,S700MC
S355J2,STRETCH500
S355J2,St44.2
S355J2,St52.3
S355JR,1018
S355JR,20Mn5
S355JR,C17C
S355JR,S235JR/S275JR
S355JR,S355JR
S355JR-S,C20C
S355JR-S,S355JR-S
S355K2,B500SP
S355K2,S235JR/S275JR
S355K2,S355J2
S355K2,S355K2
S460MC,B500SP
S460MC,S235JR/S275JR
S460MC,S460MC
S460MC,S500MC
S460MC,STRETCH500
S480W,1006
S480W,25G2Ti
S480W,30MnB4
S480W,B500B
S480W,B500SP
S480W,C45E+Cr
S480W,S235JR
S480W,S235JR/S275JR
S480W,S355J2
S480W,S480W
S480W,S550W
S480W,STRETCH500
S480W,St52.3
S500MC,B500SP
S500MC,S460MC
S500MC,S500MC
S550W,B500B
S550W,B500SP
S550W,C45E
S550W,S235JR
S550W,S235JR/S275JR
S550W,S355J2
S550W,S480W
S550W,S550W
S700MC,B500B
S700MC,B500SP
S700MC,S700MC
STRETCH500,23GHNMA-V
STRETCH500,30MnB4
STRETCH500,B500B
STRETCH500,B500SP
STRETCH500,C22E
STRETCH500,C40E
STRETCH500,C45RC
STRETCH500,S235JR
STRETCH500,S235JR/S275JR
STRETCH500,S355J2
STRETCH500,S480W
STRETCH500,STRETCH500
STRETCH500SN,STRETCH500SN
STRETCH500SN,St52.3
St44.2,B500SP
St44.2,S235JR
St44.2,S235JR/S275JR
St44.2,S355J2
St44.2,St44.2
St52.3,S235JR
St52.3,S235JR/S275JR
St52.3,S355J2
St52.3,S550W
St52.3,S700MC
St52.3,St52.3
XE400P,25G2Ti
XE400P,30MnB4
XE400P,B500B
XE400P,B500SP
XE400P,C4D1
XE400P,EW2616A
XE400P,S235JR
XE400P,STRETCH500
XE400P,XE400P
